timestamp,host,method,status,uri
2026-01-01T00:00:00Z,web-01,GET,200,/
2026-01-01T00:01:00Z,web-02,POST,200,/login
2026-01-01T00:02:00Z,web-03,PUT,200,/logout
2026-01-01T00:03:00Z,web-04,DELETE,200,/dashboard
2026-01-01T00:04:00Z,web-01,GET,200,/api/users
2026-01-01T00:05:00Z,web-02,POST,201,/api/orders
2026-01-01T00:06:00Z,web-03,PUT,201,/api/products
2026-01-01T00:07:00Z,web-04,DELETE,204,/search
2026-01-01T00:08:00Z,web-01,GET,301,/checkout
2026-01-01T00:09:00Z,web-02,POST,302,/profile
2026-01-01T00:10:00Z,web-03,PUT,400,/settings
2026-01-01T00:11:00Z,web-04,DELETE,401,/admin
2026-01-01T00:12:00Z,web-01,GET,403,/health
2026-01-01T00:13:00Z,web-02,POST,404,/missing
2026-01-01T00:14:00Z,web-03,PUT,500,/
2026-01-01T00:15:00Z,web-04,DELETE,502,/login
2026-01-01T00:16:00Z,web-01,GET,503,/logout
2026-01-01T00:17:00Z,web-02,POST,200,/dashboard
2026-01-01T00:18:00Z,web-03,PUT,200,/api/users
2026-01-01T00:19:00Z,web-04,DELETE,200,/api/orders
2026-01-01T00:20:00Z,web-01,GET,200,/api/products
2026-01-01T00:21:00Z,web-02,POST,200,/search
2026-01-01T00:22:00Z,web-03,PUT,201,/checkout
2026-01-01T00:23:00Z,web-04,DELETE,201,/profile
2026-01-01T00:24:00Z,web-01,GET,204,/settings
2026-01-01T00:25:00Z,web-02,POST,301,/admin
2026-01-01T00:26:00Z,web-03,PUT,302,/health
2026-01-01T00:27:00Z,web-04,DELETE,400,/missing
2026-01-01T00:28:00Z,web-01,GET,401,/
2026-01-01T00:29:00Z,web-02,POST,403,/login
2026-01-01T00:30:00Z,web-03,PUT,404,/logout
2026-01-01T00:31:00Z,web-04,DELETE,500,/dashboard
2026-01-01T00:32:00Z,web-01,GET,502,/api/users
2026-01-01T00:33:00Z,web-02,POST,503,/api/orders
2026-01-01T00:34:00Z,web-03,PUT,200,/api/products
2026-01-01T00:35:00Z,web-04,DELETE,200,/search
2026-01-01T00:36:00Z,web-01,GET,200,/checkout
2026-01-01T00:37:00Z,web-02,POST,200,/profile
2026-01-01T00:38:00Z,web-03,PUT,200,/settings
2026-01-01T00:39:00Z,web-04,DELETE,201,/admin
2026-01-01T00:40:00Z,web-01,GET,201,/health
2026-01-01T00:41:00Z,web-02,POST,204,/missing
2026-01-01T00:42:00Z,web-03,PUT,301,/
2026-01-01T00:43:00Z,web-04,DELETE,302,/login
2026-01-01T00:44:00Z,web-01,GET,400,/logout
2026-01-01T00:45:00Z,web-02,POST,401,/dashboard
2026-01-01T00:46:00Z,web-03,PUT,403,/api/users
2026-01-01T00:47:00Z,web-04,DELETE,404,/api/orders
2026-01-01T00:48:00Z,web-01,GET,500,/api/products
2026-01-01T00:49:00Z,web-02,POST,502,/search
2026-01-01T00:50:00Z,web-03,PUT,503,/checkout
2026-01-01T00:51:00Z,web-04,DELETE,200,/profile
2026-01-01T00:52:00Z,web-01,GET,200,/settings
2026-01-01T00:53:00Z,web-02,POST,200,/admin
2026-01-01T00:54:00Z,web-03,PUT,200,/health
2026-01-01T00:55:00Z,web-04,DELETE,200,/missing
2026-01-01T00:56:00Z,web-01,GET,201,/
2026-01-01T00:57:00Z,web-02,POST,201,/login
2026-01-01T00:58:00Z,web-03,PUT,204,/logout
2026-01-01T00:59:00Z,web-04,DELETE,301,/dashboard
2026-01-01T01:00:00Z,web-01,GET,302,/api/users
2026-01-01T01:01:00Z,web-02,POST,400,/api/orders
2026-01-01T01:02:00Z,web-03,PUT,401,/api/products
2026-01-01T01:03:00Z,web-04,DELETE,403,/search
2026-01-01T01:04:00Z,web-01,GET,404,/checkout
2026-01-01T01:05:00Z,web-02,POST,500,/profile
2026-01-01T01:06:00Z,web-03,PUT,502,/settings
2026-01-01T01:07:00Z,web-04,DELETE,503,/admin
2026-01-01T01:08:00Z,web-01,GET,200,/health
2026-01-01T01:09:00Z,web-02,POST,200,/missing
2026-01-01T01:10:00Z,web-03,PUT,200,/
2026-01-01T01:11:00Z,web-04,DELETE,200,/login
2026-01-01T01:12:00Z,web-01,GET,200,/logout
2026-01-01T01:13:00Z,web-02,POST,201,/dashboard
2026-01-01T01:14:00Z,web-03,PUT,201,/api/users
2026-01-01T01:15:00Z,web-04,DELETE,204,/api/orders
2026-01-01T01:16:00Z,web-01,GET,301,/api/products
2026-01-01T01:17:00Z,web-02,POST,302,/search
2026-01-01T01:18:00Z,web-03,PUT,400,/checkout
2026-01-01T01:19:00Z,web-04,DELETE,401,/profile
2026-01-01T01:20:00Z,web-01,GET,403,/settings
2026-01-01T01:21:00Z,web-02,POST,404,/admin
2026-01-01T01:22:00Z,web-03,PUT,500,/health
2026-01-01T01:23:00Z,web-04,DELETE,502,/missing
2026-01-01T01:24:00Z,web-01,GET,503,/
2026-01-01T01:25:00Z,web-02,POST,200,/login
2026-01-01T01:26:00Z,web-03,PUT,200,/logout
2026-01-01T01:27:00Z,web-04,DELETE,200,/dashboard
2026-01-01T01:28:00Z,web-01,GET,200,/api/users
2026-01-01T01:29:00Z,web-02,POST,200,/api/orders
2026-01-01T01:30:00Z,web-03,PUT,201,/api/products
2026-01-01T01:31:00Z,web-04,DELETE,201,/search
2026-01-01T01:32:00Z,web-01,GET,204,/checkout
2026-01-01T01:33:00Z,web-02,POST,301,/profile
2026-01-01T01:34:00Z,web-03,PUT,302,/settings
2026-01-01T01:35:00Z,web-04,DELETE,400,/admin
2026-01-01T01:36:00Z,web-01,GET,401,/health
2026-01-01T01:37:00Z,web-02,POST,403,/missing
2026-01-01T01:38:00Z,web-03,PUT,404,/
2026-01-01T01:39:00Z,web-04,DELETE,500,/login
2026-01-01T01:40:00Z,web-01,GET,502,/logout
2026-01-01T01:41:00Z,web-02,POST,503,/dashboard
2026-01-01T01:42:00Z,web-03,PUT,200,/api/users
2026-01-01T01:43:00Z,web-04,DELETE,200,/api/orders
2026-01-01T01:44:00Z,web-01,GET,200,/api/products
2026-01-01T01:45:00Z,web-02,POST,200,/search
2026-01-01T01:46:00Z,web-03,PUT,200,/checkout
2026-01-01T01:47:00Z,web-04,DELETE,201,/profile
2026-01-01T01:48:00Z,web-01,GET,201,/settings
2026-01-01T01:49:00Z,web-02,POST,204,/admin
2026-01-01T01:50:00Z,web-03,PUT,301,/health
2026-01-01T01:51:00Z,web-04,DELETE,302,/missing
2026-01-01T01:52:00Z,web-01,GET,400,/
2026-01-01T01:53:00Z,web-02,POST,401,/login
2026-01-01T01:54:00Z,web-03,PUT,403,/logout
2026-01-01T01:55:00Z,web-04,DELETE,404,/dashboard
2026-01-01T01:56:00Z,web-01,GET,500,/api/users
2026-01-01T01:57:00Z,web-02,POST,502,/api/orders
2026-01-01T01:58:00Z,web-03,PUT,503,/api/products
2026-01-01T01:59:00Z,web-04,DELETE,200,/search
2026-01-01T02:00:00Z,web-01,GET,200,/checkout
2026-01-01T02:01:00Z,web-02,POST,200,/profile
2026-01-01T02:02:00Z,web-03,PUT,200,/settings
2026-01-01T02:03:00Z,web-04,DELETE,200,/admin
2026-01-01T02:04:00Z,web-01,GET,201,/health
2026-01-01T02:05:00Z,web-02,POST,201,/missing
2026-01-01T02:06:00Z,web-03,PUT,204,/
2026-01-01T02:07:00Z,web-04,DELETE,301,/login
2026-01-01T02:08:00Z,web-01,GET,302,/logout
2026-01-01T02:09:00Z,web-02,POST,400,/dashboard
2026-01-01T02:10:00Z,web-03,PUT,401,/api/users
2026-01-01T02:11:00Z,web-04,DELETE,403,/api/orders
2026-01-01T02:12:00Z,web-01,GET,404,/api/products
2026-01-01T02:13:00Z,web-02,POST,500,/search
2026-01-01T02:14:00Z,web-03,PUT,502,/checkout
2026-01-01T02:15:00Z,web-04,DELETE,503,/profile
2026-01-01T02:16:00Z,web-01,GET,200,/settings
2026-01-01T02:17:00Z,web-02,POST,200,/admin
2026-01-01T02:18:00Z,web-03,PUT,200,/health
2026-01-01T02:19:00Z,web-04,DELETE,200,/missing
2026-01-01T02:20:00Z,web-01,GET,200,/
2026-01-01T02:21:00Z,web-02,POST,201,/login
2026-01-01T02:22:00Z,web-03,PUT,201,/logout
2026-01-01T02:23:00Z,web-04,DELETE,204,/dashboard
2026-01-01T02:24:00Z,web-01,GET,301,/api/users
2026-01-01T02:25:00Z,web-02,POST,302,/api/orders
2026-01-01T02:26:00Z,web-03,PUT,400,/api/products
2026-01-01T02:27:00Z,web-04,DELETE,401,/search
2026-01-01T02:28:00Z,web-01,GET,403,/checkout
2026-01-01T02:29:00Z,web-02,POST,404,/profile
2026-01-01T02:30:00Z,web-03,PUT,500,/settings
2026-01-01T02:31:00Z,web-04,DELETE,502,/admin
2026-01-01T02:32:00Z,web-01,GET,503,/health
2026-01-01T02:33:00Z,web-02,POST,200,/missing
2026-01-01T02:34:00Z,web-03,PUT,200,/
2026-01-01T02:35:00Z,web-04,DELETE,200,/login
2026-01-01T02:36:00Z,web-01,GET,200,/logout
2026-01-01T02:37:00Z,web-02,POST,200,/dashboard
2026-01-01T02:38:00Z,web-03,PUT,201,/api/users
2026-01-01T02:39:00Z,web-04,DELETE,201,/api/orders
2026-01-01T02:40:00Z,web-01,GET,204,/api/products
2026-01-01T02:41:00Z,web-02,POST,301,/search
2026-01-01T02:42:00Z,web-03,PUT,302,/checkout
2026-01-01T02:43:00Z,web-04,DELETE,400,/profile
2026-01-01T02:44:00Z,web-01,GET,401,/settings
2026-01-01T02:45:00Z,web-02,POST,403,/admin
2026-01-01T02:46:00Z,web-03,PUT,404,/health
2026-01-01T02:47:00Z,web-04,DELETE,500,/missing
2026-01-01T02:48:00Z,web-01,GET,502,/
2026-01-01T02:49:00Z,web-02,POST,503,/login
2026-01-01T02:50:00Z,web-03,PUT,200,/logout
2026-01-01T02:51:00Z,web-04,DELETE,200,/dashboard
2026-01-01T02:52:00Z,web-01,GET,200,/api/users
2026-01-01T02:53:00Z,web-02,POST,200,/api/orders
2026-01-01T02:54:00Z,web-03,PUT,200,/api/products
2026-01-01T02:55:00Z,web-04,DELETE,201,/search
2026-01-01T02:56:00Z,web-01,GET,201,/checkout
2026-01-01T02:57:00Z,web-02,POST,204,/profile
2026-01-01T02:58:00Z,web-03,PUT,301,/settings
2026-01-01T02:59:00Z,web-04,DELETE,302,/admin
2026-01-01T03:00:00Z,web-01,GET,400,/health
2026-01-01T03:01:00Z,web-02,POST,401,/missing
2026-01-01T03:02:00Z,web-03,PUT,403,/
2026-01-01T03:03:00Z,web-04,DELETE,404,/login
2026-01-01T03:04:00Z,web-01,GET,500,/logout
2026-01-01T03:05:00Z,web-02,POST,502,/dashboard
2026-01-01T03:06:00Z,web-03,PUT,503,/api/users
2026-01-01T03:07:00Z,web-04,DELETE,200,/api/orders
2026-01-01T03:08:00Z,web-01,GET,200,/api/products
2026-01-01T03:09:00Z,web-02,POST,200,/search
2026-01-01T03:10:00Z,web-03,PUT,200,/checkout
2026-01-01T03:11:00Z,web-04,DELETE,200,/profile
2026-01-01T03:12:00Z,web-01,GET,201,/settings
2026-01-01T03:13:00Z,web-02,POST,201,/admin
2026-01-01T03:14:00Z,web-03,PUT,204,/health
2026-01-01T03:15:00Z,web-04,DELETE,301,/missing
2026-01-01T03:16:00Z,web-01,GET,302,/
2026-01-01T03:17:00Z,web-02,POST,400,/login
2026-01-01T03:18:00Z,web-03,PUT,401,/logout
2026-01-01T03:19:00Z,web-04,DELETE,403,/dashboard
2026-01-01T03:20:00Z,web-01,GET,404,/api/users
2026-01-01T03:21:00Z,web-02,POST,500,/api/orders
2026-01-01T03:22:00Z,web-03,PUT,502,/api/products
2026-01-01T03:23:00Z,web-04,DELETE,503,/search
2026-01-01T03:24:00Z,web-01,GET,200,/checkout
2026-01-01T03:25:00Z,web-02,POST,200,/profile
2026-01-01T03:26:00Z,web-03,PUT,200,/settings
2026-01-01T03:27:00Z,web-04,DELETE,200,/admin
2026-01-01T03:28:00Z,web-01,GET,200,/health
2026-01-01T03:29:00Z,web-02,POST,201,/missing
2026-01-01T03:30:00Z,web-03,PUT,201,/
2026-01-01T03:31:00Z,web-04,DELETE,204,/login
2026-01-01T03:32:00Z,web-01,GET,301,/logout
2026-01-01T03:33:00Z,web-02,POST,302,/dashboard
2026-01-01T03:34:00Z,web-03,PUT,400,/api/users
2026-01-01T03:35:00Z,web-04,DELETE,401,/api/orders
2026-01-01T03:36:00Z,web-01,GET,403,/api/products
2026-01-01T03:37:00Z,web-02,POST,404,/search
2026-01-01T03:38:00Z,web-03,PUT,500,/checkout
2026-01-01T03:39:00Z,web-04,DELETE,502,/profile
2026-01-01T03:40:00Z,web-01,GET,503,/settings
2026-01-01T03:41:00Z,web-02,POST,200,/admin
2026-01-01T03:42:00Z,web-03,PUT,200,/health
2026-01-01T03:43:00Z,web-04,DELETE,200,/missing
2026-01-01T03:44:00Z,web-01,GET,200,/
2026-01-01T03:45:00Z,web-02,POST,200,/login
2026-01-01T03:46:00Z,web-03,PUT,201,/logout
2026-01-01T03:47:00Z,web-04,DELETE,201,/dashboard
2026-01-01T03:48:00Z,web-01,GET,204,/api/users
2026-01-01T03:49:00Z,web-02,POST,301,/api/orders
2026-01-01T03:50:00Z,web-03,PUT,302,/api/products
2026-01-01T03:51:00Z,web-04,DELETE,400,/search
2026-01-01T03:52:00Z,web-01,GET,401,/checkout
2026-01-01T03:53:00Z,web-02,POST,403,/profile
2026-01-01T03:54:00Z,web-03,PUT,404,/settings
2026-01-01T03:55:00Z,web-04,DELETE,500,/admin
2026-01-01T03:56:00Z,web-01,GET,502,/health
2026-01-01T03:57:00Z,web-02,POST,503,/missing
2026-01-01T03:58:00Z,web-03,PUT,200,/
2026-01-01T03:59:00Z,web-04,DELETE,200,/login
2026-01-01T04:00:00Z,web-01,GET,200,/logout
2026-01-01T04:01:00Z,web-02,POST,200,/dashboard
2026-01-01T04:02:00Z,web-03,PUT,200,/api/users
2026-01-01T04:03:00Z,web-04,DELETE,201,/api/orders
2026-01-01T04:04:00Z,web-01,GET,201,/api/products
2026-01-01T04:05:00Z,web-02,POST,204,/search
2026-01-01T04:06:00Z,web-03,PUT,301,/checkout
2026-01-01T04:07:00Z,web-04,DELETE,302,/profile
2026-01-01T04:08:00Z,web-01,GET,400,/settings
2026-01-01T04:09:00Z,web-02,POST,401,/admin
2026-01-01T04:10:00Z,web-03,PUT,403,/health
2026-01-01T04:11:00Z,web-04,DELETE,404,/missing
2026-01-01T04:12:00Z,web-01,GET,500,/
2026-01-01T04:13:00Z,web-02,POST,502,/login
2026-01-01T04:14:00Z,web-03,PUT,503,/logout
2026-01-01T04:15:00Z,web-04,DELETE,200,/dashboard
2026-01-01T04:16:00Z,web-01,GET,200,/api/users
2026-01-01T04:17:00Z,web-02,POST,200,/api/orders
2026-01-01T04:18:00Z,web-03,PUT,200,/api/products
2026-01-01T04:19:00Z,web-04,DELETE,200,/search
2026-01-01T04:20:00Z,web-01,GET,201,/checkout
2026-01-01T04:21:00Z,web-02,POST,201,/profile
2026-01-01T04:22:00Z,web-03,PUT,204,/settings
2026-01-01T04:23:00Z,web-04,DELETE,301,/admin
2026-01-01T04:24:00Z,web-01,GET,302,/health
2026-01-01T04:25:00Z,web-02,POST,400,/missing
2026-01-01T04:26:00Z,web-03,PUT,401,/
2026-01-01T04:27:00Z,web-04,DELETE,403,/login
2026-01-01T04:28:00Z,web-01,GET,404,/logout
2026-01-01T04:29:00Z,web-02,POST,500,/dashboard
2026-01-01T04:30:00Z,web-03,PUT,502,/api/users
2026-01-01T04:31:00Z,web-04,DELETE,503,/api/orders
2026-01-01T04:32:00Z,web-01,GET,200,/api/products
2026-01-01T04:33:00Z,web-02,POST,200,/search
2026-01-01T04:34:00Z,web-03,PUT,200,/checkout
2026-01-01T04:35:00Z,web-04,DELETE,200,/profile
2026-01-01T04:36:00Z,web-01,GET,200,/settings
2026-01-01T04:37:00Z,web-02,POST,201,/admin
2026-01-01T04:38:00Z,web-03,PUT,201,/health
2026-01-01T04:39:00Z,web-04,DELETE,204,/missing
2026-01-01T04:40:00Z,web-01,GET,301,/
2026-01-01T04:41:00Z,web-02,POST,302,/login
2026-01-01T04:42:00Z,web-03,PUT,400,/logout
2026-01-01T04:43:00Z,web-04,DELETE,401,/dashboard
2026-01-01T04:44:00Z,web-01,GET,403,/api/users
2026-01-01T04:45:00Z,web-02,POST,404,/api/orders
2026-01-01T04:46:00Z,web-03,PUT,500,/api/products
2026-01-01T04:47:00Z,web-04,DELETE,502,/search
2026-01-01T04:48:00Z,web-01,GET,503,/checkout
2026-01-01T04:49:00Z,web-02,POST,200,/profile
2026-01-01T04:50:00Z,web-03,PUT,200,/settings
2026-01-01T04:51:00Z,web-04,DELETE,200,/admin
2026-01-01T04:52:00Z,web-01,GET,200,/health
2026-01-01T04:53:00Z,web-02,POST,200,/missing
2026-01-01T04:54:00Z,web-03,PUT,201,/
2026-01-01T04:55:00Z,web-04,DELETE,201,/login
2026-01-01T04:56:00Z,web-01,GET,204,/logout
2026-01-01T04:57:00Z,web-02,POST,301,/dashboard
2026-01-01T04:58:00Z,web-03,PUT,302,/api/users
2026-01-01T04:59:00Z,web-04,DELETE,400,/api/orders
2026-01-01T05:00:00Z,web-01,GET,401,/api/products
2026-01-01T05:01:00Z,web-02,POST,403,/search
2026-01-01T05:02:00Z,web-03,PUT,404,/checkout
2026-01-01T05:03:00Z,web-04,DELETE,500,/profile
2026-01-01T05:04:00Z,web-01,GET,502,/settings
2026-01-01T05:05:00Z,web-02,POST,503,/admin
2026-01-01T05:06:00Z,web-03,PUT,200,/health
2026-01-01T05:07:00Z,web-04,DELETE,200,/missing
2026-01-01T05:08:00Z,web-01,GET,200,/
2026-01-01T05:09:00Z,web-02,POST,200,/login
2026-01-01T05:10:00Z,web-03,PUT,200,/logout
2026-01-01T05:11:00Z,web-04,DELETE,201,/dashboard
2026-01-01T05:12:00Z,web-01,GET,201,/api/users
2026-01-01T05:13:00Z,web-02,POST,204,/api/orders
2026-01-01T05:14:00Z,web-03,PUT,301,/api/products
2026-01-01T05:15:00Z,web-04,DELETE,302,/search
2026-01-01T05:16:00Z,web-01,GET,400,/checkout
2026-01-01T05:17:00Z,web-02,POST,401,/profile
2026-01-01T05:18:00Z,web-03,PUT,403,/settings
2026-01-01T05:19:00Z,web-04,DELETE,404,/admin
2026-01-01T05:20:00Z,web-01,GET,500,/health
2026-01-01T05:21:00Z,web-02,POST,502,/missing
2026-01-01T05:22:00Z,web-03,PUT,503,/
2026-01-01T05:23:00Z,web-04,DELETE,200,/login
2026-01-01T05:24:00Z,web-01,GET,200,/logout
2026-01-01T05:25:00Z,web-02,POST,200,/dashboard
2026-01-01T05:26:00Z,web-03,PUT,200,/api/users
2026-01-01T05:27:00Z,web-04,DELETE,200,/api/orders
2026-01-01T05:28:00Z,web-01,GET,201,/api/products
2026-01-01T05:29:00Z,web-02,POST,201,/search
2026-01-01T05:30:00Z,web-03,PUT,204,/checkout
2026-01-01T05:31:00Z,web-04,DELETE,301,/profile
2026-01-01T05:32:00Z,web-01,GET,302,/settings
2026-01-01T05:33:00Z,web-02,POST,400,/admin
2026-01-01T05:34:00Z,web-03,PUT,401,/health
2026-01-01T05:35:00Z,web-04,DELETE,403,/missing
2026-01-01T05:36:00Z,web-01,GET,404,/
2026-01-01T05:37:00Z,web-02,POST,500,/login
2026-01-01T05:38:00Z,web-03,PUT,502,/logout
2026-01-01T05:39:00Z,web-04,DELETE,503,/dashboard
2026-01-01T05:40:00Z,web-01,GET,200,/api/users
2026-01-01T05:41:00Z,web-02,POST,200,/api/orders
2026-01-01T05:42:00Z,web-03,PUT,200,/api/products
2026-01-01T05:43:00Z,web-04,DELETE,200,/search
2026-01-01T05:44:00Z,web-01,GET,200,/checkout
2026-01-01T05:45:00Z,web-02,POST,201,/profile
2026-01-01T05:46:00Z,web-03,PUT,201,/settings
2026-01-01T05:47:00Z,web-04,DELETE,204,/admin
2026-01-01T05:48:00Z,web-01,GET,301,/health
2026-01-01T05:49:00Z,web-02,POST,302,/missing
2026-01-01T05:50:00Z,web-03,PUT,400,/
2026-01-01T05:51:00Z,web-04,DELETE,401,/login
2026-01-01T05:52:00Z,web-01,GET,403,/logout
2026-01-01T05:53:00Z,web-02,POST,404,/dashboard
2026-01-01T05:54:00Z,web-03,PUT,500,/api/users
2026-01-01T05:55:00Z,web-04,DELETE,502,/api/orders
2026-01-01T05:56:00Z,web-01,GET,503,/api/products
2026-01-01T05:57:00Z,web-02,POST,200,/search
2026-01-01T05:58:00Z,web-03,PUT,200,/checkout
2026-01-01T05:59:00Z,web-04,DELETE,200,/profile
2026-01-01T06:00:00Z,web-01,GET,200,/settings
2026-01-01T06:01:00Z,web-02,POST,200,/admin
2026-01-01T06:02:00Z,web-03,PUT,201,/health
2026-01-01T06:03:00Z,web-04,DELETE,201,/missing
2026-01-01T06:04:00Z,web-01,GET,204,/
2026-01-01T06:05:00Z,web-02,POST,301,/login
2026-01-01T06:06:00Z,web-03,PUT,302,/logout
2026-01-01T06:07:00Z,web-04,DELETE,400,/dashboard
2026-01-01T06:08:00Z,web-01,GET,401,/api/users
2026-01-01T06:09:00Z,web-02,POST,403,/api/orders
2026-01-01T06:10:00Z,web-03,PUT,404,/api/products
2026-01-01T06:11:00Z,web-04,DELETE,500,/search
2026-01-01T06:12:00Z,web-01,GET,502,/checkout
2026-01-01T06:13:00Z,web-02,POST,503,/profile
2026-01-01T06:14:00Z,web-03,PUT,200,/settings
2026-01-01T06:15:00Z,web-04,DELETE,200,/admin
2026-01-01T06:16:00Z,web-01,GET,200,/health
2026-01-01T06:17:00Z,web-02,POST,200,/missing
2026-01-01T06:18:00Z,web-03,PUT,200,/
2026-01-01T06:19:00Z,web-04,DELETE,201,/login
2026-01-01T06:20:00Z,web-01,GET,201,/logout
2026-01-01T06:21:00Z,web-02,POST,204,/dashboard
2026-01-01T06:22:00Z,web-03,PUT,301,/api/users
2026-01-01T06:23:00Z,web-04,DELETE,302,/api/orders
2026-01-01T06:24:00Z,web-01,GET,400,/api/products
2026-01-01T06:25:00Z,web-02,POST,401,/search
2026-01-01T06:26:00Z,web-03,PUT,403,/checkout
2026-01-01T06:27:00Z,web-04,DELETE,404,/profile
2026-01-01T06:28:00Z,web-01,GET,500,/settings
2026-01-01T06:29:00Z,web-02,POST,502,/admin
2026-01-01T06:30:00Z,web-03,PUT,503,/health
2026-01-01T06:31:00Z,web-04,DELETE,200,/missing
2026-01-01T06:32:00Z,web-01,GET,200,/
2026-01-01T06:33:00Z,web-02,POST,200,/login
2026-01-01T06:34:00Z,web-03,PUT,200,/logout
2026-01-01T06:35:00Z,web-04,DELETE,200,/dashboard
2026-01-01T06:36:00Z,web-01,GET,201,/api/users
2026-01-01T06:37:00Z,web-02,POST,201,/api/orders
2026-01-01T06:38:00Z,web-03,PUT,204,/api/products
2026-01-01T06:39:00Z,web-04,DELETE,301,/search
2026-01-01T06:40:00Z,web-01,GET,302,/checkout
2026-01-01T06:41:00Z,web-02,POST,400,/profile
2026-01-01T06:42:00Z,web-03,PUT,401,/settings
2026-01-01T06:43:00Z,web-04,DELETE,403,/admin
2026-01-01T06:44:00Z,web-01,GET,404,/health
2026-01-01T06:45:00Z,web-02,POST,500,/missing
2026-01-01T06:46:00Z,web-03,PUT,502,/
2026-01-01T06:47:00Z,web-04,DELETE,503,/login
2026-01-01T06:48:00Z,web-01,GET,200,/logout
2026-01-01T06:49:00Z,web-02,POST,200,/dashboard
2026-01-01T06:50:00Z,web-03,PUT,200,/api/users
2026-01-01T06:51:00Z,web-04,DELETE,200,/api/orders
2026-01-01T06:52:00Z,web-01,GET,200,/api/products
2026-01-01T06:53:00Z,web-02,POST,201,/search
2026-01-01T06:54:00Z,web-03,PUT,201,/checkout
2026-01-01T06:55:00Z,web-04,DELETE,204,/profile
2026-01-01T06:56:00Z,web-01,GET,301,/settings
2026-01-01T06:57:00Z,web-02,POST,302,/admin
2026-01-01T06:58:00Z,web-03,PUT,400,/health
2026-01-01T06:59:00Z,web-04,DELETE,401,/missing
2026-01-01T07:00:00Z,web-01,GET,403,/
2026-01-01T07:01:00Z,web-02,POST,404,/login
2026-01-01T07:02:00Z,web-03,PUT,500,/logout
2026-01-01T07:03:00Z,web-04,DELETE,502,/dashboard
2026-01-01T07:04:00Z,web-01,GET,503,/api/users
2026-01-01T07:05:00Z,web-02,POST,200,/api/orders
2026-01-01T07:06:00Z,web-03,PUT,200,/api/products
2026-01-01T07:07:00Z,web-04,DELETE,200,/search
2026-01-01T07:08:00Z,web-01,GET,200,/checkout
2026-01-01T07:09:00Z,web-02,POST,200,/profile
2026-01-01T07:10:00Z,web-03,PUT,201,/settings
2026-01-01T07:11:00Z,web-04,DELETE,201,/admin
2026-01-01T07:12:00Z,web-01,GET,204,/health
2026-01-01T07:13:00Z,web-02,POST,301,/missing
2026-01-01T07:14:00Z,web-03,PUT,302,/
2026-01-01T07:15:00Z,web-04,DELETE,400,/login
2026-01-01T07:16:00Z,web-01,GET,401,/logout
2026-01-01T07:17:00Z,web-02,POST,403,/dashboard
2026-01-01T07:18:00Z,web-03,PUT,404,/api/users
2026-01-01T07:19:00Z,web-04,DELETE,500,/api/orders
2026-01-01T07:20:00Z,web-01,GET,502,/api/products
2026-01-01T07:21:00Z,web-02,POST,503,/search
2026-01-01T07:22:00Z,web-03,PUT,200,/checkout
2026-01-01T07:23:00Z,web-04,DELETE,200,/profile
2026-01-01T07:24:00Z,web-01,GET,200,/settings
2026-01-01T07:25:00Z,web-02,POST,200,/admin
2026-01-01T07:26:00Z,web-03,PUT,200,/health
2026-01-01T07:27:00Z,web-04,DELETE,201,/missing
2026-01-01T07:28:00Z,web-01,GET,201,/
2026-01-01T07:29:00Z,web-02,POST,204,/login
2026-01-01T07:30:00Z,web-03,PUT,301,/logout
2026-01-01T07:31:00Z,web-04,DELETE,302,/dashboard
2026-01-01T07:32:00Z,web-01,GET,400,/api/users
2026-01-01T07:33:00Z,web-02,POST,401,/api/orders
2026-01-01T07:34:00Z,web-03,PUT,403,/api/products
2026-01-01T07:35:00Z,web-04,DELETE,404,/search
2026-01-01T07:36:00Z,web-01,GET,500,/checkout
2026-01-01T07:37:00Z,web-02,POST,502,/profile
2026-01-01T07:38:00Z,web-03,PUT,503,/settings
2026-01-01T07:39:00Z,web-04,DELETE,200,/admin
2026-01-01T07:40:00Z,web-01,GET,200,/health
2026-01-01T07:41:00Z,web-02,POST,200,/missing
2026-01-01T07:42:00Z,web-03,PUT,200,/
2026-01-01T07:43:00Z,web-04,DELETE,200,/login
2026-01-01T07:44:00Z,web-01,GET,201,/logout
2026-01-01T07:45:00Z,web-02,POST,201,/dashboard
2026-01-01T07:46:00Z,web-03,PUT,204,/api/users
2026-01-01T07:47:00Z,web-04,DELETE,301,/api/orders
2026-01-01T07:48:00Z,web-01,GET,302,/api/products
2026-01-01T07:49:00Z,web-02,POST,400,/search
2026-01-01T07:50:00Z,web-03,PUT,401,/checkout
2026-01-01T07:51:00Z,web-04,DELETE,403,/profile
2026-01-01T07:52:00Z,web-01,GET,404,/settings
2026-01-01T07:53:00Z,web-02,POST,500,/admin
2026-01-01T07:54:00Z,web-03,PUT,502,/health
2026-01-01T07:55:00Z,web-04,DELETE,503,/missing
2026-01-01T07:56:00Z,web-01,GET,200,/
2026-01-01T07:57:00Z,web-02,POST,200,/login
2026-01-01T07:58:00Z,web-03,PUT,200,/logout
2026-01-01T07:59:00Z,web-04,DELETE,200,/dashboard
2026-01-01T08:00:00Z,web-01,GET,200,/api/users
2026-01-01T08:01:00Z,web-02,POST,201,/api/orders
2026-01-01T08:02:00Z,web-03,PUT,201,/api/products
2026-01-01T08:03:00Z,web-04,DELETE,204,/search
2026-01-01T08:04:00Z,web-01,GET,301,/checkout
2026-01-01T08:05:00Z,web-02,POST,302,/profile
2026-01-01T08:06:00Z,web-03,PUT,400,/settings
2026-01-01T08:07:00Z,web-04,DELETE,401,/admin
2026-01-01T08:08:00Z,web-01,GET,403,/health
2026-01-01T08:09:00Z,web-02,POST,404,/missing
2026-01-01T08:10:00Z,web-03,PUT,500,/
2026-01-01T08:11:00Z,web-04,DELETE,502,/login
2026-01-01T08:12:00Z,web-01,GET,503,/logout
2026-01-01T08:13:00Z,web-02,POST,200,/dashboard
2026-01-01T08:14:00Z,web-03,PUT,200,/api/users
2026-01-01T08:15:00Z,web-04,DELETE,200,/api/orders
2026-01-01T08:16:00Z,web-01,GET,200,/api/products
2026-01-01T08:17:00Z,web-02,POST,200,/search
2026-01-01T08:18:00Z,web-03,PUT,201,/checkout
2026-01-01T08:19:00Z,web-04,DELETE,201,/profile
